id,prediction
0,0.0
1,0.0
2,0.0
3,0.3287741541862488
4,37.68643569946289
5,83.89289093017578
6,65.60285186767578
7,217.57366943359375
8,207.93914794921875
9,250.16600036621094
10,265.6857604980469
11,265.8501892089844
12,209.87338256835938
13,161.77134704589844
14,204.5132293701172
15,114.64256286621094
16,83.57968139648438
17,70.75164794921875
18,9.661293983459473
19,32.18207931518555
20,0.0
21,2.9647216796875
22,0.0709824189543724
23,1.8511227369308472
24,5.023828983306885
25,4.969093322753906
26,4.690406799316406
27,9.934779167175293
28,67.69557189941406
29,55.43302917480469
30,155.2328643798828
31,224.97116088867188
32,251.14984130859375
33,318.400390625
34,307.78887939453125
35,371.7638854980469
36,363.86297607421875
37,292.77349853515625
38,294.1080322265625
39,279.8926086425781
40,159.24783325195312
41,52.214317321777344
42,44.191917419433594
43,57.3685417175293
44,7.445189476013184
45,3.4086813926696777
46,4.780053615570068
47,18.648212432861328
48,0.0
49,0.0
50,0.0
51,18.223716735839844
52,23.91538429260254
53,37.21628952026367
54,190.13648986816406
55,302.3398132324219
56,329.3012390136719
57,472.3138427734375
58,470.8185119628906
59,491.78643798828125
60,400.5981750488281
61,311.74407958984375
62,264.5098571777344
63,193.1240997314453
64,129.02944946289062
65,56.24189758300781
66,17.739103317260742
67,18.475664138793945
68,1.9408897161483765
69,0.0
70,0.0
71,0.850861668586731
72,2.187490224838257
73,3.731741189956665
74,3.812105417251587
75,52.8746337890625
76,44.457088470458984
77,62.6162109375
78,170.53453063964844
79,312.0473937988281
80,360.310546875
81,367.81036376953125
82,331.7636413574219
83,342.84173583984375
84,316.0736389160156
85,309.70745849609375
86,308.3703918457031
87,253.89093017578125
88,155.32974243164062
89,123.35072326660156
90,48.885372161865234
91,39.02946853637695
92,17.942655563354492
93,0.0
94,4.97477912902832
95,7.834290027618408
96,0.0
97,0.0
98,0.0
99,32.116798400878906
100,80.56608581542969
101,66.23307037353516
102,181.86463928222656
103,359.84527587890625
104,376.6666564941406
105,444.12237548828125
106,480.6548156738281
107,576.35546875
108,418.108154296875
109,387.72467041015625
110,314.46331787109375
111,188.25030517578125
112,159.38209533691406
113,104.76134490966797
114,37.06071472167969
115,26.60492515563965
116,35.37178421020508
117,0.0
118,2.495800495147705
119,3.332287073135376
120,0.0
121,0.0
122,0.0
123,35.48682403564453
124,39.12032699584961
125,45.7619743347168
126,223.17446899414062
127,349.0096435546875
128,395.7444152832031
129,323.159912109375
130,343.1656494140625
131,332.5111999511719
132,369.8559265136719
133,338.3835144042969
134,315.27105712890625
135,227.9782257080078
136,182.01075744628906
137,105.3046875
138,32.79233932495117
139,30.820791244506836
140,31.157026290893555
141,0.0
142,0.8172560930252075
143,0.0
144,0.0
145,0.0
146,0.0
147,22.6991024017334
148,34.20115280151367
149,47.99233627319336
150,229.8531494140625
151,365.5867919921875
152,317.0218200683594
153,465.8871154785156
154,444.0330505371094
155,415.3372802734375
156,427.3289489746094
157,394.0989990234375
158,326.86602783203125
159,236.25559997558594
160,142.97532653808594
161,86.14391326904297
162,64.57506561279297
163,4.233335494995117
164,12.57513427734375
165,0.0
166,0.0
167,0.0
168,0.0
169,0.0
170,0.0
171,6.850821495056152
172,23.427892684936523
173,13.382133483886719
174,25.24472427368164
175,35.14039611816406
176,17.572593688964844
177,51.02988052368164
178,107.51350402832031
179,111.60055541992188
180,203.9547882080078
181,192.33200073242188
182,212.59326171875
183,187.82908630371094
184,121.53937530517578
185,62.3491325378418
186,80.52595520019531
187,3.9224612712860107
188,9.805645942687988
189,0.0
190,0.0
191,2.274223804473877
192,0.0
193,0.0
194,0.0
195,30.280757904052734
196,37.11642074584961
197,69.93022155761719
198,61.42894744873047
199,108.9714126586914
200,209.26881408691406
201,169.87599182128906
202,163.6165771484375
203,270.9504089355469
204,252.36456298828125
205,286.5263366699219
206,250.4405517578125
207,183.0289306640625
208,126.52000427246094
209,50.646366119384766
210,20.912137985229492
211,37.493011474609375
212,33.808895111083984
213,0.0
214,0.0
215,0.0
216,4.044020652770996
217,12.399194717407227
218,34.36285400390625
219,22.702598571777344
220,50.67165756225586
221,54.21146011352539
222,42.01285934448242
223,86.72478485107422
224,191.13665771484375
225,228.6390380859375
226,220.483154296875
227,232.7745819091797
228,222.53201293945312
229,131.90635681152344
230,100.81896209716797
231,96.38011932373047
232,56.95232391357422
233,23.982255935668945
234,10.309893608093262
235,26.304950714111328
236,14.47557258605957
237,0.0
238,0.0
239,0.0
240,0.0
241,0.0
242,16.998628616333008
243,12.832983016967773
244,24.198137283325195
245,14.201199531555176
246,70.93502044677734
247,192.39120483398438
248,161.17962646484375
249,187.97381591796875
250,144.7264404296875
251,169.573486328125
252,201.33534240722656
253,230.91258239746094
254,242.4891815185547
255,152.14016723632812
256,131.04713439941406
257,134.32223510742188
258,93.03105163574219
259,53.57330322265625
260,59.244781494140625
261,8.749833106994629
262,6.346040725708008
263,9.361274719238281
264,5.827673435211182
265,4.173182487487793
266,44.299007415771484
267,47.033348083496094
268,44.398040771484375
269,65.14732360839844
270,131.6388397216797
271,180.30780029296875
272,161.0621337890625
273,201.7696990966797
274,199.077392578125
275,180.94252014160156
276,194.6447296142578
277,169.51882934570312
278,172.135986328125
279,176.93914794921875
280,102.39688873291016
281,102.35034942626953
282,53.33401870727539
283,39.024696350097656
284,34.4003791809082
285,9.594497680664062
286,19.272451400756836
287,18.621810913085938
288,56.84349060058594
289,59.6854133605957
290,116.51373291015625
291,108.64574432373047
292,110.47905731201172
293,131.9878692626953
294,93.23127746582031
295,113.28467559814453
296,265.9970703125
297,301.95660400390625
298,233.85906982421875
299,230.04954528808594
300,251.59788513183594
301,269.2243347167969
302,224.3548583984375
303,177.09902954101562
304,123.09329223632812
305,97.93084716796875
306,125.00591278076172
307,104.61722564697266
308,118.43911743164062
309,54.885040283203125
310,48.12589645385742
311,57.791778564453125
312,54.29203414916992
313,56.18852615356445
314,116.48092651367188
315,119.43893432617188
316,72.14246368408203
317,110.38421630859375
318,76.7279052734375
319,126.30423736572266
320,189.08786010742188
321,258.90850830078125
322,288.3016052246094
323,241.5054168701172
324,290.15643310546875
325,281.7427978515625
326,198.65443420410156
327,116.95832824707031
328,85.1291732788086
329,74.09507751464844
330,98.24429321289062
331,116.17758178710938
332,111.39221954345703
333,56.550567626953125
334,44.64786148071289
335,62.29237365722656
336,37.618499755859375
337,35.27544021606445
338,84.30660247802734
339,100.71648406982422
340,62.70673370361328
341,66.12467956542969
342,90.99494934082031
343,114.15087127685547
344,171.8637237548828
345,211.30267333984375
346,234.98269653320312
347,246.90467834472656
348,249.8750457763672
349,187.87969970703125
350,192.07884216308594
351,148.55084228515625
352,86.9000015258789
353,78.5533447265625
354,43.788089752197266
355,87.36343383789062
356,92.36848449707031
357,33.55985641479492
358,31.080936431884766
359,29.079151153564453
360,14.041825294494629
361,12.965883255004883
362,77.46979522705078
363,76.41307830810547
364,50.0018310546875
365,64.4937744140625
366,65.36405181884766
367,88.00904083251953
368,201.6408233642578
369,213.81910705566406
370,246.6561737060547
371,224.58880615234375
372,236.54141235351562
373,270.2295837402344
374,242.15826416015625
375,159.08689880371094
376,90.1201171875
377,68.89055633544922
378,79.37969207763672
379,41.68100357055664
380,47.31746292114258
381,8.796747207641602
382,29.0786075592041
383,31.44451904296875
384,22.388704299926758
385,23.106517791748047
386,65.08029174804688
387,52.23522186279297
388,48.7873649597168
389,34.464473724365234
390,54.20804977416992
391,80.44737243652344
392,113.32772064208984
393,116.34488677978516
394,184.9453582763672
395,186.9588165283203
396,196.3021697998047
397,245.40919494628906
398,198.57791137695312
399,155.06549072265625
400,98.93693542480469
401,87.5746841430664
402,70.68595123291016
403,35.225345611572266
404,71.66478729248047
405,2.4060089588165283
406,6.149545192718506
407,11.132935523986816
408,0.24343474209308624
409,0.0
410,62.79555892944336
411,49.965660095214844
412,27.271577835083008
413,106.61558532714844
414,198.6284637451172
415,297.7216796875
416,398.4753112792969
417,398.3739318847656
418,358.781005859375
419,470.1062927246094
420,471.0507507324219
421,376.2501525878906
422,357.49810791015625
423,262.6269226074219
424,234.3429412841797
425,130.37442016601562
426,43.86406326293945
427,43.381752014160156
428,36.55232238769531
429,0.0
430,0.0
431,1.4943673610687256
432,0.0
433,0.0
434,71.7336196899414
435,70.8009033203125
436,99.72476959228516
437,131.5093536376953
438,187.56744384765625
439,262.8551025390625
440,294.2843017578125
441,440.25927734375
442,477.3212890625
443,408.0199890136719
444,287.1922302246094
445,298.3559875488281
446,247.0374755859375
447,191.65365600585938
448,124.77182006835938
449,98.37923431396484
450,70.31739044189453
451,88.19143676757812
452,85.18951416015625
453,0.0
454,0.0
455,6.492127895355225
456,15.901920318603516
457,9.270320892333984
458,78.3152084350586
459,73.57341003417969
460,49.91257095336914
461,78.3936767578125
462,120.10106658935547
463,320.7356262207031
464,296.881103515625
465,341.7516784667969
466,412.9984436035156
467,365.73126220703125
468,502.128173828125
469,405.3423767089844
470,352.4935607910156
471,275.2684020996094
472,189.8219757080078
473,131.98599243164062
474,55.27516174316406
475,36.0826301574707
476,43.416866302490234
477,0.0
478,0.0
479,0.0
480,0.0
481,0.0
482,41.7469596862793
483,64.9044189453125
484,75.75706481933594
485,64.51946258544922
486,214.6883087158203
487,330.9533996582031
488,408.048095703125
489,418.5619201660156
490,389.2466735839844
491,461.923095703125
492,488.29754638671875
493,417.3438415527344
494,402.7156066894531
495,239.8781280517578
496,166.76072692871094
497,126.73746490478516
498,47.48103332519531
499,30.779827117919922
500,38.25889205932617
501,0.0
502,0.0
503,0.0
504,7.809380054473877
505,9.967823028564453
506,32.584529876708984
507,24.232868194580078
508,41.13417053222656
509,87.33138275146484
510,215.14768981933594
511,298.2486877441406
512,392.3017272949219
513,394.6681213378906
514,439.253173828125
515,384.90594482421875
516,353.19842529296875
517,359.853271484375
518,315.6478576660156
519,211.67117309570312
520,165.88209533691406
521,139.01290893554688
522,51.82657241821289
523,31.98632049560547
524,19.85883140563965
525,9.272401809692383
526,4.382645606994629
527,7.635966777801514
528,13.554736137390137
529,8.092350959777832
530,35.39901351928711
531,31.980560302734375
532,39.353885650634766
533,70.58283996582031
534,95.69298553466797
535,128.54173278808594
536,180.38961791992188
537,144.66482543945312
538,166.96742248535156
539,344.29852294921875
540,441.4591979980469
541,415.4458312988281
542,305.9210510253906
543,228.8213653564453
544,214.59664916992188
545,145.70840454101562
546,75.13957214355469
547,56.157779693603516
548,34.83247756958008
549,25.55765151977539
550,19.437671661376953
551,19.390579223632812
552,13.798942565917969
553,20.15455436706543
554,47.47776412963867
555,26.95736312866211
556,28.495691299438477
557,30.223445892333984
558,51.02316665649414
559,32.7968864440918
560,76.24671936035156
561,145.26206970214844
562,193.41416931152344
563,129.80206298828125
564,160.08103942871094
565,194.5601348876953
566,217.862060546875
567,242.7555694580078
568,141.83372497558594
569,119.31707000732422
570,65.54464721679688
571,26.649837493896484
572,15.84309196472168
573,2.0229718685150146
574,1.5615404844284058
575,0.8552734851837158
576,18.473241806030273
577,6.048306941986084
578,27.11857795715332
579,24.207767486572266
580,43.285728454589844
581,30.790390014648438
582,200.09169006347656
583,268.2502136230469
584,353.7626953125
585,362.5047607421875
586,328.6977233886719
587,413.925048828125
588,387.3608703613281
589,322.5403747558594
590,277.5574951171875
591,255.40652465820312
592,162.3692626953125
593,89.48074340820312
594,64.3802261352539
595,57.90616226196289
596,30.401933670043945
597,0.0
598,5.707354545593262
599,0.0
600,0.0
601,0.0
602,9.430870056152344
603,2.301637649536133
604,72.05679321289062
605,95.82889556884766
606,156.68765258789062
607,291.0254821777344
608,346.7877197265625
609,438.8106384277344
610,402.4288330078125
611,436.68328857421875
612,456.5931701660156
613,410.337646484375
614,316.1849060058594
615,245.21963500976562
616,161.3230438232422
617,108.69717407226562
618,63.06179428100586
619,36.206478118896484
620,21.03719711303711
621,5.196382999420166
622,0.0
623,0.0
624,12.047920227050781
625,1.2834141254425049
626,12.946280479431152
627,0.9888750314712524
628,39.76394271850586
629,46.29745864868164
630,68.33999633789062
631,142.47613525390625
632,136.24685668945312
633,119.84912109375
634,162.03428649902344
635,158.57095336914062
636,154.30685424804688
637,200.083251953125
638,203.8767852783203
639,159.85263061523438
640,91.50627899169922
641,50.424522399902344
642,5.015031814575195
643,14.161977767944336
644,20.340608596801758
645,0.0
646,0.0
647,6.690393924713135
648,0.5252383351325989
649,21.54499626159668
650,30.522539138793945
651,28.412878036499023
652,24.425750732421875
653,7.069088935852051
654,7.466128826141357
655,58.05504608154297
656,70.82000732421875
657,85.18079376220703
658,127.29148864746094
659,119.40007781982422
660,115.72504425048828
661,113.89732360839844
662,126.300048828125
663,107.51980590820312
664,69.93536376953125
665,43.09408950805664
666,16.522104263305664
667,14.244178771972656
668,30.60801124572754
669,7.292902946472168
670,2.0208346843719482
671,0.0
672,14.811732292175293
673,14.24010181427002
674,33.73721694946289
675,38.063987731933594
676,86.02708435058594
677,113.21614074707031
678,188.4324493408203
679,243.35906982421875
680,229.49671936035156
681,248.22128295898438
682,258.5730285644531
683,298.74517822265625
684,290.4930114746094
685,326.86529541015625
686,283.34979248046875
687,224.73988342285156
688,141.03309631347656
689,186.5563507080078
690,88.18978118896484
691,69.06342315673828
692,34.60315704345703
693,6.2320146560668945
694,8.098772048950195
695,1.9284327030181885
696,25.651315689086914
697,0.0
698,22.84121322631836
699,27.741153717041016
700,23.767637252807617
701,58.900123596191406
702,81.3497085571289
703,80.48627471923828
704,146.6131591796875
705,331.9302673339844
706,333.42144775390625
707,354.2542419433594
708,345.5339660644531
709,287.1615905761719
710,260.87127685546875
711,173.92530822753906
712,87.87442016601562
713,71.89173889160156
714,60.16748046875
715,4.454878330230713
716,21.143468856811523
717,0.0
718,1.1938800811767578
719,7.25698709487915
720,0.0
721,0.0
722,0.0
723,0.3082309067249298
724,41.16191101074219
725,84.07500457763672
726,59.66879653930664
727,215.41236877441406
728,213.85787963867188
729,229.69680786132812
730,250.21669006347656
731,264.5033874511719
732,210.77197265625
733,159.46554565429688
734,195.66033935546875
735,112.98220825195312
736,82.96682739257812
737,70.01822662353516
738,11.822820663452148
739,33.0009765625
740,0.0
741,3.1299540996551514
742,0.6589969396591187
743,1.746591329574585
744,4.608094215393066
745,4.930395126342773
746,4.402333736419678
747,9.684710502624512
748,67.68324279785156
749,54.42477798461914
750,155.1488494873047
751,225.37692260742188
752,250.65533447265625
753,316.421142578125
754,324.4710388183594
755,370.6766662597656
756,355.5682373046875
757,291.6111755371094
758,289.55902099609375
759,268.671875
760,154.6791534423828
761,46.63844680786133
762,50.9294548034668
763,60.37923812866211
764,6.87926721572876
765,3.7867588996887207
766,3.9650847911834717
767,18.67136573791504
768,0.0
769,0.0
770,0.0
771,19.01776695251465
772,22.84667205810547
773,34.58782196044922
774,188.77511596679688
775,303.93524169921875
776,329.7039794921875
777,472.6824645996094
778,479.61083984375
779,485.43865966796875
780,391.5997009277344
781,314.8127746582031
782,259.5075988769531
783,191.2656707763672
784,128.444580078125
785,56.770233154296875
786,17.305273056030273
787,17.599096298217773
788,1.393413782119751
789,0.0
790,0.0
791,0.20447668433189392
792,3.9710426330566406
793,3.4441399574279785
794,3.078969955444336
795,53.57530212402344
796,49.09989547729492
797,60.45966720581055
798,165.56826782226562
799,309.253662109375
800,353.7115783691406
801,372.621337890625
802,329.1340026855469
803,344.7082214355469
804,320.391845703125
805,313.1203918457031
806,322.76373291015625
807,253.68771362304688
808,153.04290771484375
809,116.75370788574219
810,52.92192840576172
811,44.1590690612793
812,18.499799728393555
813,0.0
814,5.8096208572387695
815,7.848221302032471
816,0.7005725502967834
817,0.0
818,0.0
819,28.24534034729004
820,79.1663818359375
821,71.09076690673828
822,185.098876953125
823,342.9172668457031
824,377.5903015136719
825,450.6852111816406
826,486.998046875
827,572.4287719726562
828,439.83746337890625
829,384.517822265625
830,312.2136535644531
831,200.88072204589844
832,161.04039001464844
833,107.11255645751953
834,36.19623565673828
835,26.861549377441406
836,35.51280212402344
837,0.0
838,3.0458219051361084
839,3.923924446105957
840,0.0
841,0.0
842,0.0
843,36.01946258544922
844,39.823143005371094
845,49.18777084350586
846,218.91517639160156
847,348.3714294433594
848,398.29266357421875
849,323.0666809082031
850,338.0765380859375
851,329.47235107421875
852,362.168212890625
853,331.6295166015625
854,328.44940185546875
855,233.13133239746094
856,182.43783569335938
857,103.99175262451172
858,32.00120162963867
859,30.278108596801758
860,27.702146530151367
861,0.0
862,0.0
863,0.0
864,0.0
865,0.0
866,0.0
867,22.559396743774414
868,34.34950637817383
869,36.648197174072266
870,232.3688201904297
871,374.76513671875
872,313.59747314453125
873,479.8741760253906
874,453.45220947265625
875,421.7843933105469
876,435.02685546875
877,403.85858154296875
878,329.9571838378906
879,235.7593231201172
880,143.29383850097656
881,86.86721801757812
882,64.02111053466797
883,3.62774395942688
884,12.810108184814453
885,0.0
886,0.0
887,0.0
888,0.0
889,0.0
890,0.0
891,5.933650970458984
892,25.3913631439209
893,13.504491806030273
894,24.688264846801758
895,34.63600158691406
896,15.361190795898438
897,50.74435806274414
898,106.20033264160156
899,112.74456787109375
900,203.79666137695312
901,205.3403778076172
902,209.86036682128906
903,186.69403076171875
904,124.559814453125
905,61.784637451171875
906,80.5600814819336
907,3.69083571434021
908,12.136740684509277
909,0.0
910,0.0
911,2.6056065559387207
912,0.0
913,0.0
914,0.0
915,29.278261184692383
916,37.1219596862793
917,69.77273559570312
918,62.219329833984375
919,106.93104553222656
920,206.24160766601562
921,167.559814453125
922,163.93504333496094
923,269.9195251464844
924,246.20921325683594
925,290.7033996582031
926,253.58998107910156
927,186.36386108398438
928,127.4872055053711
929,51.77213668823242
930,19.684629440307617
931,38.09518051147461
932,33.380680084228516
933,0.0
934,0.0
935,0.0
936,4.9245171546936035
937,12.077943801879883
938,34.28378677368164
939,25.819049835205078
940,50.06298065185547
941,53.882450103759766
942,40.06114196777344
943,88.16691589355469
944,189.67242431640625
945,229.87515258789062
946,214.7725067138672
947,235.33070373535156
948,238.49781799316406
949,132.4445037841797
950,95.44718170166016
951,98.87565612792969
952,54.494537353515625
953,25.23887062072754
954,10.35328483581543
955,26.860185623168945
956,16.768959045410156
957,0.0
958,0.0
959,0.0
960,0.0
961,0.0
962,15.410929679870605
963,12.493626594543457
964,23.10759162902832
965,11.613313674926758
966,70.0912094116211
967,182.1416778564453
968,143.0388946533203
969,180.2019500732422
970,145.08285522460938
971,159.39710998535156
972,202.4270477294922
973,230.22750854492188
974,246.5438690185547
975,153.85850524902344
976,129.3526611328125
977,136.66641235351562
978,93.09027862548828
979,49.391395568847656
980,79.89030456542969
981,7.374579906463623
982,4.371021270751953
983,11.341227531433105
984,5.604768753051758
985,4.016028881072998
986,43.05580520629883
987,47.195926666259766
988,44.03843688964844
989,64.82023620605469
990,134.08460998535156
991,180.59750366210938
992,161.15155029296875
993,199.18382263183594
994,204.1905517578125
995,182.85733032226562
996,207.2686767578125
997,173.61546325683594
998,175.9700927734375
999,176.61471557617188
1000,103.36531066894531
1001,104.30525970458984
1002,52.274940490722656
1003,42.67910385131836
1004,36.13887405395508
1005,9.010111808776855
1006,14.72855281829834
1007,20.408851623535156
1008,54.65171432495117
1009,60.824893951416016
1010,116.69933319091797
1011,108.2968521118164
1012,106.45404052734375
1013,132.3217315673828
1014,101.4721908569336
1015,113.87775421142578
1016,265.07470703125
1017,303.7678527832031
1018,233.2918243408203
1019,229.58900451660156
1020,254.0315399169922
1021,273.2795104980469
1022,225.0113983154297
1023,176.4241943359375
1024,122.4404067993164
1025,98.87364959716797
1026,127.45108795166016
1027,106.44784545898438
1028,118.82462310791016
1029,54.408931732177734
1030,49.82976150512695
1031,58.37428283691406
1032,53.31191635131836
1033,56.30805206298828
1034,114.09506225585938
1035,117.92620849609375
1036,72.01131439208984
1037,110.21977233886719
1038,78.95182037353516
1039,132.27110290527344
1040,181.872802734375
1041,260.5892333984375
1042,301.6662292480469
1043,260.8692932128906
1044,298.6372985839844
1045,289.4604797363281
1046,195.5232696533203
1047,118.82540893554688
1048,86.14840698242188
1049,75.734375
1050,99.25834655761719
1051,115.76071166992188
1052,111.4229507446289
1053,59.48160934448242
1054,44.89456558227539
1055,62.240089416503906
1056,34.91020965576172
1057,34.99274444580078
1058,83.65986633300781
1059,96.39958953857422
1060,67.18496704101562
1061,69.39096069335938
1062,94.92265319824219
1063,117.72322082519531
1064,173.94183349609375
1065,212.49591064453125
1066,231.67103576660156
1067,237.51219177246094
1068,248.11813354492188
1069,185.3760528564453
1070,189.19137573242188
1071,147.40660095214844
1072,84.95376586914062
1073,77.13679504394531
1074,42.08267593383789
1075,88.25015258789062
1076,91.91554260253906
1077,33.34447479248047
1078,29.495880126953125
1079,28.220340728759766
1080,13.380879402160645
1081,12.786839485168457
1082,76.03833770751953
1083,74.82994079589844
1084,49.9454345703125
1085,63.59458541870117
1086,65.00514221191406
1087,86.85690307617188
1088,195.52371215820312
1089,224.86508178710938
1090,244.43612670898438
1091,227.53689575195312
1092,222.07254028320312
1093,273.0262756347656
1094,244.02764892578125
1095,157.7319793701172
1096,88.9393539428711
1097,70.21739959716797
1098,78.689453125
1099,46.192657470703125
1100,47.0034294128418
1101,7.362820625305176
1102,28.32855987548828
1103,30.621932983398438
1104,22.632415771484375
1105,25.4248046875
1106,62.47608184814453
1107,53.641109466552734
1108,43.825645446777344
1109,38.60657501220703
1110,48.69181823730469
1111,81.58711242675781
1112,111.22208404541016
1113,115.50076293945312
1114,185.58587646484375
1115,181.7600555419922
1116,195.96714782714844
1117,240.9699249267578
1118,198.47520446777344
1119,155.4639892578125
1120,96.55484008789062
1121,86.89592742919922
1122,70.62793731689453
1123,35.80055236816406
1124,74.43798828125
1125,3.6616337299346924
1126,5.649754524230957
1127,12.568891525268555
1128,0.36709120869636536
1129,0.0
1130,62.53516387939453
1131,49.555686950683594
1132,34.536781311035156
1133,90.2669448852539
1134,202.09841918945312
1135,297.35443115234375
1136,409.9093933105469
1137,410.5459899902344
1138,381.4452819824219
1139,450.66510009765625
1140,456.7633056640625
1141,377.4447937011719
1142,360.1956787109375
1143,265.43402099609375
1144,242.71517944335938
1145,130.7386932373047
1146,44.57479476928711
1147,44.73411178588867
1148,33.09757995605469
1149,0.0
1150,0.0
1151,2.956177234649658
1152,0.0
1153,0.0
1154,66.07218170166016
1155,70.12742614746094
1156,99.70018768310547
1157,130.38587951660156
1158,185.53439331054688
1159,262.89373779296875
1160,294.1862487792969
1161,445.4045715332031
1162,479.1509704589844
1163,406.7334289550781
1164,280.76849365234375
1165,298.4531555175781
1166,248.6086883544922
1167,191.78036499023438
1168,124.63054656982422
1169,98.66949462890625
1170,69.69017791748047
1171,95.66395568847656
1172,84.09571838378906
1173,0.0
1174,0.0
1175,3.3018927574157715
1176,17.45765495300293
1177,9.451624870300293
1178,78.4309310913086
1179,75.16299438476562
1180,51.007381439208984
1181,78.30685424804688
1182,126.76509857177734
1183,332.9036560058594
1184,296.8026428222656
1185,344.8003845214844
1186,403.59912109375
1187,356.5436096191406
1188,506.8857727050781
1189,413.20794677734375
1190,361.2361145019531
1191,282.7256164550781
1192,198.3679962158203
1193,133.75611877441406
1194,60.656978607177734
1195,31.09823226928711
1196,43.844940185546875
1197,0.0
1198,0.0
1199,0.0
1200,0.0
1201,0.0
1202,39.76940155029297
1203,63.762229919433594
1204,78.34278869628906
1205,63.84596633911133
1206,214.87298583984375
1207,331.062255859375
1208,422.0003356933594
1209,440.1968994140625
1210,386.5209655761719
1211,470.00830078125
1212,492.9627380371094
1213,444.8899841308594
1214,403.9087829589844
1215,235.63771057128906
1216,168.89498901367188
1217,126.54501342773438
1218,56.232757568359375
1219,30.757061004638672
1220,39.00461196899414
1221,0.0
1222,0.0
1223,1.2319732904434204
1224,5.902112007141113
1225,9.359146118164062
1226,31.874258041381836
1227,24.952991485595703
1228,41.69718933105469
1229,88.69197845458984
1230,213.19674682617188
1231,298.8155822753906
1232,394.7491455078125
1233,399.5079345703125
1234,436.3780212402344
1235,378.05157470703125
1236,354.4339294433594
1237,364.93585205078125
1238,315.570068359375
1239,200.0323486328125
1240,167.04273986816406
1241,139.5859375
1242,54.548622131347656
1243,32.95500564575195
1244,16.903356552124023
1245,8.39709758758545
1246,4.983448028564453
1247,6.110267639160156
1248,12.410572052001953
1249,8.190601348876953
1250,36.496192932128906
1251,30.14910316467285
1252,39.735748291015625
1253,65.86756134033203
1254,98.0221939086914
1255,127.28787994384766
1256,180.7998046875
1257,147.65501403808594
1258,170.14599609375
1259,342.2984619140625
1260,441.5175476074219
1261,422.2435607910156
1262,305.968017578125
1263,235.83229064941406
1264,214.3014373779297
1265,144.40518188476562
1266,91.24960327148438
1267,58.15385437011719
1268,33.815242767333984
1269,25.421125411987305
1270,19.698715209960938
1271,17.282400131225586
1272,13.525218963623047
1273,19.384265899658203
1274,48.681236267089844
1275,27.84665298461914
1276,29.719905853271484
1277,33.170894622802734
1278,51.16593551635742
1279,34.24858093261719
1280,72.51494598388672
1281,166.66453552246094
1282,182.33567810058594
1283,124.96287536621094
1284,158.68130493164062
1285,194.21681213378906
1286,214.84417724609375
1287,231.322265625
1288,142.59298706054688
1289,114.05587005615234
1290,65.30746459960938
1291,27.83799934387207
1292,15.698822975158691
1293,2.8163228034973145
1294,3.1684532165527344
1295,0.0
1296,10.836431503295898
1297,3.269676446914673
1298,25.48356819152832
1299,18.368133544921875
1300,36.081764221191406
1301,23.530712127685547
1302,195.4985809326172
1303,263.0545654296875
1304,369.0090637207031
1305,366.3525695800781
1306,333.8959655761719
1307,424.435302734375
1308,389.4813232421875
1309,324.01385498046875
1310,278.0057373046875
1311,255.92788696289062
1312,162.9132537841797
1313,88.80471801757812
1314,64.3802261352539
1315,49.601436614990234
1316,42.94098663330078
1317,13.241562843322754
1318,8.316474914550781
1319,0.0
1320,0.0
1321,0.0
1322,15.839818000793457
1323,1.9583585262298584
1324,71.09559631347656
1325,95.61522674560547
1326,148.97706604003906
1327,281.7807312011719
1328,348.0668029785156
1329,442.0401306152344
1330,388.7332458496094
1331,422.8399963378906
1332,459.7513427734375
1333,414.0439147949219
1334,315.4634094238281
1335,249.11268615722656
1336,164.09228515625
1337,109.57893371582031
1338,62.3280143737793
1339,38.30002975463867
1340,21.119766235351562
1341,3.95168137550354
1342,0.0
1343,0.0
1344,8.261789321899414
1345,0.0
1346,11.862302780151367
1347,1.7028928995132446
1348,44.82251739501953
1349,51.2983283996582
1350,67.9406509399414
1351,129.35887145996094
1352,127.29434204101562
1353,126.13204956054688
1354,162.68763732910156
1355,157.58160400390625
1356,165.07858276367188
1357,205.32379150390625
1358,203.63331604003906
1359,160.6062469482422
1360,90.9207763671875
1361,50.5936164855957
1362,5.469630718231201
1363,12.5159273147583
1364,12.107599258422852
1365,0.0
1366,0.0
1367,4.858462333679199
1368,0.0
1369,17.317338943481445
1370,30.441999435424805
1371,27.31386375427246
1372,20.562889099121094
1373,5.205132961273193
1374,6.894138336181641
1375,58.368133544921875
1376,74.2637710571289
1377,92.51116180419922
1378,124.27852630615234
1379,114.24259948730469
1380,100.93946075439453
1381,115.64328002929688
1382,131.9634552001953
1383,115.55217742919922
1384,77.81195831298828
1385,52.44799041748047
1386,24.592430114746094
1387,14.53294849395752
1388,28.47299575805664
1389,7.265495777130127
1390,1.718807339668274
1391,0.0
1392,19.084617614746094
1393,17.336000442504883
1394,35.4681510925293
1395,40.08067321777344
1396,82.96650695800781
1397,113.42251586914062
1398,194.08963012695312
1399,250.47244262695312
1400,231.60964965820312
1401,265.7485046386719
1402,261.4299621582031
1403,296.93829345703125
1404,291.7855224609375
1405,317.1462707519531
1406,283.34979248046875
1407,226.70094299316406
1408,143.16729736328125
1409,186.8274688720703
1410,82.56512451171875
1411,83.27545166015625
1412,60.22200012207031
1413,15.87699031829834
1414,16.973968505859375
1415,0.6829202771186829
1416,26.766761779785156
1417,0.0
1418,18.25789451599121
1419,23.704179763793945
1420,23.38359260559082
1421,57.054046630859375
1422,82.0750503540039
1423,84.71825408935547
1424,141.88211059570312
1425,311.894287109375
1426,325.6617736816406
1427,359.8301696777344
1428,339.13250732421875
1429,285.7624206542969
1430,251.92178344726562
1431,174.56021118164062
1432,91.56266784667969
1433,75.65338134765625
1434,59.900184631347656
1435,8.054009437561035
1436,20.070697784423828
1437,0.0
1438,3.3072800636291504
1439,7.299205303192139
1440,0.0
1441,0.0
1442,0.8712676763534546
1443,2.430171489715576
1444,43.531864166259766
1445,69.9100112915039
1446,54.4488410949707
1447,214.7045135498047
1448,213.31629943847656
1449,272.14044189453125
1450,268.2912292480469
1451,288.1255798339844
1452,184.06588745117188
1453,119.57696533203125
1454,205.40069580078125
1455,158.68128967285156
1456,88.24137878417969
1457,75.44698333740234
1458,10.440755844116211
1459,1.5719941854476929
1460,0.0
1461,4.081912994384766
1462,2.7976155281066895
1463,6.259364604949951
1464,5.100522518157959
1465,5.723816394805908
1466,5.746394157409668
1467,12.244162559509277
1468,77.57169342041016
1469,74.54634857177734
1470,156.5738525390625
1471,265.9852294921875
1472,245.99496459960938
1473,317.72784423828125
1474,325.9852600097656
1475,367.1241455078125
1476,353.44659423828125
1477,330.16790771484375
1478,291.4977111816406
1479,285.6246337890625
1480,156.78152465820312
1481,46.19355010986328
1482,48.16105651855469
1483,14.975847244262695
1484,7.158078193664551
1485,6.127904891967773
1486,6.081446647644043
1487,6.265217304229736
1488,0.0
1489,0.0
1490,0.0
1491,24.514984130859375
1492,28.934785842895508
1493,29.326522827148438
1494,164.6938018798828
1495,310.4338073730469
1496,326.2774353027344
1497,494.9640197753906
1498,477.8308410644531
1499,502.8232727050781
1500,399.818359375
1501,331.147705078125
1502,265.1565246582031
1503,205.57559204101562
1504,139.0980224609375
1505,59.70010757446289
1506,19.793420791625977
1507,11.517379760742188
1508,0.0
1509,0.0
1510,1.207649827003479
1511,5.76339864730835
1512,6.090171813964844
1513,3.796210527420044
1514,4.995684623718262
1515,53.472312927246094
1516,51.24937057495117
1517,69.51888275146484
1518,194.9832763671875
1519,308.3160400390625
1520,358.2478942871094
1521,370.64068603515625
1522,298.9383850097656
1523,326.011474609375
1524,319.94866943359375
1525,290.9870300292969
1526,302.7660217285156
1527,240.63926696777344
1528,150.1368408203125
1529,133.80404663085938
1530,64.28152465820312
1531,42.427040100097656
1532,23.83196449279785
1533,6.626548767089844
1534,5.578261375427246
1535,10.000182151794434
1536,0.0
1537,0.0
1538,0.0
1539,39.67648696899414
1540,80.516845703125
1541,50.330928802490234
1542,221.95156860351562
1543,350.5289611816406
1544,364.2531433105469
1545,423.3168029785156
1546,416.31787109375
1547,521.235595703125
1548,426.51806640625
1549,391.09716796875
1550,348.0921630859375
1551,185.34674072265625
1552,160.81138610839844
1553,97.09011840820312
1554,39.98025894165039
1555,25.018980026245117
1556,0.0
1557,0.0
1558,0.0
1559,4.542208194732666
1560,0.704938530921936
1561,0.0
1562,0.0
1563,30.100210189819336
1564,44.563663482666016
1565,44.1772575378418
1566,229.81265258789062
1567,363.62548828125
1568,393.7930603027344
1569,319.5468444824219
1570,373.0741882324219
1571,353.084228515625
1572,378.2427673339844
1573,337.8979797363281
1574,306.8320617675781
1575,228.5046844482422
1576,175.1293182373047
1577,95.91873931884766
1578,37.45148468017578
1579,35.93427658081055
1580,0.0
1581,0.0
1582,4.9450788497924805
1583,0.0
1584,0.0
1585,0.0
1586,0.0
1587,37.78559112548828
1588,31.614519119262695
1589,43.06657409667969
1590,224.2485809326172
1591,358.9365539550781
1592,310.5105895996094
1593,460.82208251953125
1594,460.67913818359375
1595,430.626708984375
1596,432.9216003417969
1597,401.0202331542969
1598,332.57952880859375
1599,224.2616729736328
1600,153.6021728515625
1601,83.19771575927734
1602,69.30438232421875
1603,2.5024874210357666
1604,0.0
1605,0.0
1606,0.0
1607,0.0
1608,0.0
1609,0.0
1610,0.0
1611,13.464517593383789
1612,26.480714797973633
1613,15.170133590698242
1614,25.234514236450195
1615,36.1341667175293
1616,5.1301727294921875
1617,59.52372741699219
1618,122.05111694335938
1619,126.14862060546875
1620,214.28219604492188
1621,248.63632202148438
1622,220.3235321044922
1623,146.1752166748047
1624,112.3497543334961
1625,78.83473205566406
1626,60.02738952636719
1627,12.805490493774414
1628,0.7340394854545593
1629,0.0
1630,0.0
1631,2.831845998764038
1632,0.0
1633,0.0
1634,0.0
1635,31.344223022460938
1636,33.87297058105469
1637,22.607158660888672
1638,65.14166259765625
1639,116.38660430908203
1640,204.5188751220703
1641,232.24154663085938
1642,202.488525390625
1643,300.34246826171875
1644,234.91775512695312
1645,311.3786926269531
1646,241.9905548095703
1647,205.8238983154297
1648,138.7584228515625
1649,77.74706268310547
1650,23.44902229309082
1651,31.86652946472168
1652,0.0
1653,0.0
1654,0.0
1655,0.0
1656,6.753337860107422
1657,14.043815612792969
1658,7.656775951385498
1659,32.60759735107422
1660,56.953556060791016
1661,51.922767639160156
1662,54.697410583496094
1663,86.89057159423828
1664,188.23489379882812
1665,243.65562438964844
1666,254.1737518310547
1667,321.6563720703125
1668,247.19815063476562
1669,125.90966796875
1670,108.1944808959961
1671,91.64424133300781
1672,42.33699035644531
1673,20.456392288208008
1674,15.068904876708984
1675,22.953222274780273
1676,0.0
1677,0.0
1678,0.0
1679,0.0
1680,0.0
1681,0.0
1682,0.0
1683,2.90451717376709
1684,22.568071365356445
1685,16.22417449951172
1686,74.1780014038086
1687,213.99542236328125
1688,166.47238159179688
1689,177.0557403564453
1690,173.83229064941406
1691,160.39840698242188
1692,217.3713836669922
1693,228.7702178955078
1694,271.50775146484375
1695,153.704833984375
1696,134.30628967285156
1697,151.98765563964844
1698,100.34236145019531
1699,50.936161041259766
1700,11.570359230041504
1701,7.272249221801758
1702,5.7500481605529785
1703,10.652926445007324
1704,10.756999015808105
1705,7.0862274169921875
1706,3.202810525894165
1707,60.83346939086914
1708,58.181148529052734
1709,65.5761947631836
1710,114.32555389404297
1711,189.5099334716797
1712,170.36196899414062
1713,183.82562255859375
1714,185.30783081054688
1715,198.01620483398438
1716,201.10874938964844
1717,168.2664794921875
1718,150.37110900878906
1719,142.92225646972656
1720,120.96920013427734
1721,109.58712005615234
1722,62.25120544433594
1723,46.64811706542969
1724,13.511931419372559
1725,7.126884460449219
1726,13.583455085754395
1727,54.56924057006836
1728,60.35831069946289
1729,63.92839050292969
1730,56.95502853393555
1731,126.17243957519531
1732,109.56946563720703
1733,81.39971160888672
1734,94.514892578125
1735,133.7706756591797
1736,296.64703369140625
1737,309.12054443359375
1738,236.773681640625
1739,237.93264770507812
1740,280.741943359375
1741,285.2942199707031
1742,210.64739990234375
1743,174.24554443359375
1744,121.2780990600586
1745,107.33737182617188
1746,128.81996154785156
1747,131.3043975830078
1748,65.05108642578125
1749,66.70654296875
1750,49.68553924560547
1751,63.22331619262695
1752,55.443729400634766
1753,62.221588134765625
1754,48.01615905761719
1755,113.83282470703125
1756,77.0281753540039
1757,107.57074737548828
1758,90.91094970703125
1759,136.85107421875
1760,198.60409545898438
1761,257.61224365234375
1762,279.7438659667969
1763,274.1175231933594
1764,311.8066711425781
1765,281.76312255859375
1766,186.40744018554688
1767,131.17239379882812
1768,80.83917999267578
1769,72.28008270263672
1770,103.49437713623047
1771,113.29158020019531
1772,61.564170837402344
1773,65.24974822998047
1774,52.60660171508789
1775,59.5589714050293
1776,43.01654815673828
1777,39.295440673828125
1778,44.169761657714844
1779,80.76686096191406
1780,71.39358520507812
1781,45.281211853027344
1782,104.73995208740234
1783,122.84224700927734
1784,177.69825744628906
1785,210.6636199951172
1786,230.9769287109375
1787,259.3883972167969
1788,248.3643035888672
1789,202.46937561035156
1790,192.72705078125
1791,155.41470336914062
1792,93.28335571289062
1793,79.21719360351562
1794,47.16618347167969
1795,89.08525848388672
1796,29.700035095214844
1797,34.7355842590332
1798,32.936065673828125
1799,32.86879348754883
1800,27.536073684692383
1801,26.010196685791016
1802,23.197664260864258
1803,93.43309783935547
1804,53.86032485961914
1805,70.53519439697266
1806,73.2583236694336
1807,98.04428100585938
1808,202.4884796142578
1809,219.23854064941406
1810,252.9668426513672
1811,206.36419677734375
1812,229.54977416992188
1813,223.3907012939453
1814,246.15609741210938
1815,164.3966522216797
1816,95.31230926513672
1817,73.10796356201172
1818,77.34944152832031
1819,65.8106689453125
1820,15.572086334228516
1821,15.004846572875977
1822,20.982646942138672
1823,22.618831634521484
1824,21.726835250854492
1825,22.159408569335938
1826,15.431056022644043
1827,56.849365234375
1828,54.275238037109375
1829,30.84169578552246
1830,67.5322265625
1831,80.27276611328125
1832,108.87117004394531
1833,118.7705078125
1834,201.44949340820312
1835,181.27369689941406
1836,203.4467315673828
1837,241.2847900390625
1838,194.80404663085938
1839,150.0740966796875
1840,98.47277069091797
1841,72.54940795898438
1842,89.15122985839844
1843,48.81991958618164
1844,78.99633026123047
1845,12.362274169921875
1846,1.1087183952331543
1847,15.925003051757812
1848,2.2043750286102295
1849,0.49166831374168396
1850,0.0
1851,53.54539108276367
1852,37.24967956542969
1853,116.83467102050781
1854,193.3758544921875
1855,316.531005859375
1856,414.5609436035156
1857,414.75213623046875
1858,406.00762939453125
1859,470.1432800292969
1860,467.40667724609375
1861,393.033935546875
1862,378.4818420410156
1863,276.4310302734375
1864,195.34512329101562
1865,122.46198272705078
1866,41.15956497192383
1867,33.65543746948242
1868,40.84193420410156
1869,0.0
1870,8.540376663208008
1871,6.490732192993164
1872,0.0
1873,0.0
1874,9.70146369934082
1875,71.63279724121094
1876,107.95111846923828
1877,98.41793060302734
1878,203.19845581054688
1879,274.4685974121094
1880,261.1737365722656
1881,442.9339904785156
1882,444.31787109375
1883,394.1821594238281
1884,274.96112060546875
1885,307.2061767578125
1886,245.9063262939453
1887,203.758544921875
1888,131.4776153564453
1889,105.61646270751953
1890,63.889034271240234
1891,100.72174835205078
1892,84.31501770019531
1893,0.0
1894,0.0
1895,14.390650749206543
1896,16.41008758544922
1897,10.456836700439453
1898,6.245366096496582
1899,74.06497955322266
1900,64.28018951416016
1901,82.05036163330078
1902,123.69384002685547
1903,322.13104248046875
1904,336.9654541015625
1905,363.7106018066406
1906,407.1540832519531
1907,467.4629821777344
1908,512.982177734375
1909,419.26904296875
1910,347.0135803222656
1911,268.270263671875
1912,196.89772033691406
1913,132.7041778564453
1914,53.40360641479492
1915,38.041046142578125
1916,42.49882507324219
1917,0.0
1918,0.0
1919,1.5933606624603271
1920,0.0
1921,0.0
1922,0.0
1923,41.7313232421875
1924,69.47309112548828
1925,80.19752502441406
1926,232.5765380859375
1927,332.3434753417969
1928,441.3681335449219
1929,435.6730651855469
1930,407.9616394042969
1931,489.77587890625
1932,523.6827392578125
1933,466.2304382324219
1934,412.161865234375
1935,245.77877807617188
1936,170.9163360595703
1937,108.59380340576172
1938,39.8605842590332
1939,26.29717254638672
1940,43.43317794799805
1941,0.0
1942,0.0
1943,0.0
1944,5.482505798339844
1945,9.896073341369629
1946,3.593573808670044
1947,22.134933471679688
1948,17.42691993713379
1949,69.47142791748047
1950,208.34683227539062
1951,310.774169921875
1952,389.7953796386719
1953,405.28521728515625
1954,446.478271484375
1955,418.9468688964844
1956,335.02545166015625
1957,364.600341796875
1958,299.7209777832031
1959,212.10853576660156
1960,171.520263671875
1961,134.33018493652344
1962,60.83853530883789
1963,25.747329711914062
1964,10.55721664428711
1965,10.152765274047852
1966,10.734740257263184
1967,15.54252815246582
1968,4.024001121520996
1969,7.038801670074463
1970,8.673349380493164
1971,52.84334945678711
1972,19.777629852294922
1973,35.28824996948242
1974,82.296142578125
1975,93.76937866210938
1976,195.78363037109375
1977,145.8574676513672
1978,253.85592651367188
1979,354.87060546875
1980,394.14215087890625
1981,412.00518798828125
1982,328.6772766113281
1983,236.29673767089844
1984,214.4862518310547
1985,153.0430908203125
1986,81.03276062011719
1987,58.2829704284668
1988,39.31182861328125
1989,27.864559173583984
1990,17.894479751586914
1991,20.192136764526367
1992,20.563457489013672
1993,22.676088333129883
1994,20.966976165771484
1995,26.971233367919922
1996,22.487585067749023
1997,30.470088958740234
1998,53.456993103027344
1999,41.02558898925781
2000,52.78605270385742
2001,165.6484375
2002,182.60728454589844
2003,132.32559204101562
2004,155.25389099121094
2005,204.30096435546875
2006,242.80865478515625
2007,222.43124389648438
2008,157.27728271484375
2009,118.25146484375
2010,48.749755859375
2011,23.64974594116211
2012,25.028045654296875
2013,11.251063346862793
2014,31.505136489868164
2015,8.81110954284668
2016,3.361846685409546
2017,2.768475294113159
2018,0.776732861995697
2019,9.06505298614502
2020,30.245986938476562
2021,54.00323486328125
2022,210.0220947265625
2023,235.8535919189453
2024,377.5528869628906
2025,384.62396240234375
2026,344.0970458984375
2027,440.1557312011719
2028,430.3272399902344
2029,295.1706237792969
2030,267.69696044921875
2031,232.889404296875
2032,172.09591674804688
2033,90.62344360351562
2034,78.3421859741211
2035,41.14366149902344
2036,30.777864456176758
2037,5.7450642585754395
2038,3.5843498706817627
2039,0.0
2040,0.0
2041,0.0
2042,0.0
2043,12.842232704162598
2044,64.45429992675781
2045,102.23272705078125
2046,163.6858367919922
2047,282.1216735839844
2048,348.868896484375
2049,371.30712890625
2050,381.2861328125
2051,433.1787414550781
2052,430.5246887207031
2053,426.5628967285156
2054,333.8214111328125
2055,261.8923034667969
2056,159.71266174316406
2057,101.3310546875
2058,50.83516311645508
2059,38.36941146850586
2060,16.560684204101562
2061,0.8858044743537903
2062,0.0
2063,0.0
2064,3.543992042541504
2065,0.6625186800956726
2066,0.0
2067,0.0
2068,34.096744537353516
2069,58.356075286865234
2070,71.11698150634766
2071,136.37548828125
2072,139.4664764404297
2073,118.5586166381836
2074,163.59866333007812
2075,179.74998474121094
2076,168.94985961914062
2077,200.03994750976562
2078,165.22988891601562
2079,124.04554748535156
2080,78.7435531616211
2081,40.24916076660156
2082,0.0
2083,10.949975967407227
2084,8.898249626159668
2085,0.0
2086,0.0
2087,2.4100446701049805
2088,7.748725414276123
2089,33.78401184082031
2090,22.361215591430664
2091,12.867766380310059
2092,28.0047664642334
2093,4.111588001251221
2094,9.663870811462402
2095,54.26266860961914
2096,61.429962158203125
2097,77.552001953125
2098,122.9028091430664
2099,123.3681640625
2100,111.54048156738281
2101,123.00348663330078
2102,117.6311264038086
2103,109.61749267578125
2104,53.772613525390625
2105,42.91923141479492
2106,34.624210357666016
2107,21.009754180908203
2108,37.70631790161133
2109,1.586142659187317
2110,0.0
2111,9.830296516418457
2112,2.086395263671875
2113,4.13446569442749
2114,1.3208110332489014
2115,32.88802719116211
2116,58.32896423339844
2117,89.10599517822266
2118,189.97947692871094
2119,277.92059326171875
2120,226.63748168945312
2121,242.77049255371094
2122,244.77603149414062
2123,318.7974548339844
2124,255.11209106445312
2125,259.06494140625
2126,296.3179016113281
2127,153.4600372314453
2128,146.23577880859375
2129,165.4795684814453
2130,88.5256576538086
2131,66.30343627929688
2132,46.99319839477539
2133,5.981889724731445
2134,0.0
2135,4.798211574554443
2136,20.703535079956055
2137,0.0
2138,0.0
2139,30.3457088470459
2140,25.083581924438477
2141,65.9777603149414
2142,85.06664276123047
2143,71.0650405883789
2144,140.90325927734375
2145,266.458251953125
2146,332.39031982421875
2147,352.6670837402344
2148,341.9401550292969
2149,318.76251220703125
2150,314.5282897949219
2151,188.31700134277344
2152,79.14997100830078
2153,69.24041748046875
2154,49.9211540222168
2155,3.850656270980835
2156,15.030613899230957
2157,0.0
2158,3.3848888874053955
2159,20.31654167175293
